{
  "mape": 15.987215926084788,
  "strategy_accuracy": 68.75,
  "n_comparisons": 57,
  "n_strategy_checks": 16,
  "compute_models": {
    "3060:heat2d": {
      "t_fixed": 0.19393524551270827,
      "t_per_wave": 0.6118061884711852
    },
    "3060:osher": {
      "t_fixed": 32.30000000000004,
      "t_per_wave": 38.40000000000001
    },
    "b200:heat2d": {
      "t_fixed": 2.2548125888883854,
      "t_per_wave": 0.49681836950038966
    },
    "b200:osher": {
      "t_fixed": 6.1499999999999995,
      "t_per_wave": 6.1499999999999995
    },
    "3060:hotspot": {
      "t_fixed": 3.6900921658986174,
      "t_per_wave": 0.466589861751152
    },
    "3060:jacobi2d": {
      "t_fixed": 2.21831797235023,
      "t_per_wave": 0.42223502304147464
    },
    "3060:srad": {
      "t_fixed": 4.443548387096774,
      "t_per_wave": 0.5887096774193548
    }
  }
}
