{
  "train_rows": 255,
  "valid_rows": 333,
  "models": {
    "selector_baseline": {
      "config": {
        "strategy_specific_device": false,
        "device_terms": [
          "waves",
          "waves_over_cov",
          "work"
        ]
      },
      "metrics": {
        "mape": 53.915940253901574,
        "exact_strategy_accuracy": 100.0,
        "top1_within_5": 50.0,
        "normalized_regret": 17.961951135032038,
        "n_validation_rows": 333.0,
        "n_validation_groups": 18.0
      },
      "coefficients": {
        "frontend": {
          "3060:async": 28.539757263446667,
          "3060:graph": -0.37944157978535514,
          "3060:persistent": -1.4431059599592118,
          "3060:sync": 76.37455535005476,
          "b200:async": 7.865366586961398,
          "b200:graph": 3.3098111326404047,
          "b200:persistent": 6.291478756880855,
          "b200:sync": 12.896477586270038
        },
        "device": {
          "3060:heat2d:waves": 4.0206329570504105,
          "3060:heat2d:waves_over_cov": 4.020640933629061,
          "3060:heat2d:work": -8.135321349071473,
          "3060:hotspot:waves": 6.759941035247937,
          "3060:hotspot:waves_over_cov": 6.759951327344215,
          "3060:hotspot:work": -13.468313189999531,
          "3060:jacobi2d:waves": 0.2196644440140281,
          "3060:jacobi2d:waves_over_cov": 0.21965524225667926,
          "3060:jacobi2d:work": -0.3935846855365759,
          "3060:srad:waves": 1.226727267175715,
          "3060:srad:waves_over_cov": 1.2267277588642722,
          "3060:srad:work": -2.3474911693588543,
          "b200:heat2d:waves": -2.908614549550893,
          "b200:heat2d:waves_over_cov": 0.19115429295512903,
          "b200:heat2d:work": 2.833973153477325,
          "b200:hotspot:waves": -0.4898497243451408,
          "b200:hotspot:waves_over_cov": -0.489849118804251,
          "b200:hotspot:work": 1.081964593898429,
          "b200:jacobi2d:waves": -2.144814453428848,
          "b200:jacobi2d:waves_over_cov": 0.0304737763810655,
          "b200:jacobi2d:work": 2.2259044878077505,
          "b200:srad:waves": 0.05891273480726586,
          "b200:srad:waves_over_cov": -0.04212886798371498,
          "b200:srad:work": 0.07663414758192656
        }
      }
    },
    "regressor_enhanced": {
      "config": {
        "strategy_specific_device": true,
        "device_terms": [
          "waves",
          "waves_over_cov",
          "work",
          "inv_b",
          "blocks_per_sm"
        ]
      },
      "metrics": {
        "mape": 24.186792622665052,
        "exact_strategy_accuracy": 61.111111111111114,
        "top1_within_5": 33.333333333333336,
        "normalized_regret": 89.22879714244965,
        "n_validation_rows": 333.0,
        "n_validation_groups": 18.0
      },
      "coefficients": {
        "frontend": {
          "3060:async": 26.42061789771481,
          "3060:graph": 3.033966110276478,
          "3060:persistent": 1.4194889337927699,
          "3060:sync": 71.9795613877403,
          "b200:async": 8.10316632891575,
          "b200:graph": 3.408563811404855,
          "b200:persistent": 1.617179322777888,
          "b200:sync": 13.025892852054723
        },
        "device": {
          "3060:heat2d:async:waves": 6.297698226535021,
          "3060:heat2d:async:waves_over_cov": 6.2976850907541255,
          "3060:heat2d:async:work": -6.385011615844089,
          "3060:heat2d:async:inv_b": 159.07935150392402,
          "3060:heat2d:async:blocks_per_sm": -6.385019036152585,
          "3060:heat2d:graph:waves": 0.008109144291952355,
          "3060:heat2d:graph:waves_over_cov": 0.008103979221089956,
          "3060:heat2d:graph:work": 0.00917979267347518,
          "3060:heat2d:graph:inv_b": 26.42626806689582,
          "3060:heat2d:graph:blocks_per_sm": 0.009179841359865744,
          "3060:heat2d:persistent:waves": 0.18742932133970094,
          "3060:heat2d:persistent:waves_over_cov": 0.1874293213397008,
          "3060:heat2d:persistent:work": -0.1362582173728907,
          "3060:heat2d:persistent:inv_b": -0.0002494962486262805,
          "3060:heat2d:persistent:blocks_per_sm": -0.1362582171140284,
          "3060:heat2d:sync:waves": 5.535153649803853,
          "3060:heat2d:sync:waves_over_cov": 5.5351487594447,
          "3060:heat2d:sync:work": -5.80676096340906,
          "3060:heat2d:sync:inv_b": 722.9366057399952,
          "3060:heat2d:sync:blocks_per_sm": -5.806759031970334,
          "3060:hotspot:async:waves": 10.266102144335873,
          "3060:hotspot:async:waves_over_cov": 10.266108167073156,
          "3060:hotspot:async:work": -10.350578769349434,
          "3060:hotspot:async:inv_b": -0.004738121176757799,
          "3060:hotspot:async:blocks_per_sm": -10.350565645501964,
          "3060:hotspot:graph:waves": 0.5551792272672385,
          "3060:hotspot:graph:waves_over_cov": 0.5551809786737776,
          "3060:hotspot:graph:work": -0.5340096496336328,
          "3060:hotspot:graph:inv_b": -0.00024444065764988806,
          "3060:hotspot:graph:blocks_per_sm": -0.5340018499165528,
          "3060:hotspot:persistent:waves": 0.0,
          "3060:hotspot:persistent:waves_over_cov": 0.0,
          "3060:hotspot:persistent:work": 0.0,
          "3060:hotspot:persistent:inv_b": 0.0,
          "3060:hotspot:persistent:blocks_per_sm": 0.0,
          "3060:hotspot:sync:waves": 11.427315721757575,
          "3060:hotspot:sync:waves_over_cov": 11.427318831690142,
          "3060:hotspot:sync:work": -11.286185465277844,
          "3060:hotspot:sync:inv_b": -0.0051664298440783655,
          "3060:hotspot:sync:blocks_per_sm": -11.28618724183422,
          "3060:jacobi2d:async:waves": 2.7597246388715906,
          "3060:jacobi2d:async:waves_over_cov": 2.7597246388715915,
          "3060:jacobi2d:async:work": -2.7510882096061136,
          "3060:jacobi2d:async:inv_b": -0.00031483742623935267,
          "3060:jacobi2d:async:blocks_per_sm": -2.7510883833842543,
          "3060:jacobi2d:graph:waves": 1.876804127836016,
          "3060:jacobi2d:graph:waves_over_cov": 1.8768041278360166,
          "3060:jacobi2d:graph:work": -1.858422766727219,
          "3060:jacobi2d:graph:inv_b": -0.00021267971531186306,
          "3060:jacobi2d:graph:blocks_per_sm": -1.858422699355252,
          "3060:jacobi2d:persistent:waves": 0.0,
          "3060:jacobi2d:persistent:waves_over_cov": 0.0,
          "3060:jacobi2d:persistent:work": 0.0,
          "3060:jacobi2d:persistent:inv_b": 0.0,
          "3060:jacobi2d:persistent:blocks_per_sm": 0.0,
          "3060:jacobi2d:sync:waves": -2.218082973928425,
          "3060:jacobi2d:sync:waves_over_cov": -2.2180829739284253,
          "3060:jacobi2d:sync:work": 2.260589596383343,
          "3060:jacobi2d:sync:inv_b": 0.00025870404416076354,
          "3060:jacobi2d:sync:blocks_per_sm": 2.26058959117773,
          "3060:srad:async:waves": 2.428318304164449,
          "3060:srad:async:waves_over_cov": 2.4283182473210303,
          "3060:srad:async:work": -2.3641787705407715,
          "3060:srad:async:inv_b": -0.004328932193894538,
          "3060:srad:async:blocks_per_sm": -2.364178775608329,
          "3060:srad:graph:waves": 0.3920844802806093,
          "3060:srad:graph:waves_over_cov": 0.3920844802806092,
          "3060:srad:graph:work": -0.3761272639188681,
          "3060:srad:graph:inv_b": -0.0006887001855972082,
          "3060:srad:graph:blocks_per_sm": -0.37612726433980753,
          "3060:srad:persistent:waves": 0.6059072681736315,
          "3060:srad:persistent:waves_over_cov": 0.605907264614944,
          "3060:srad:persistent:work": -0.5316376388501749,
          "3060:srad:persistent:inv_b": -0.0009734576117268385,
          "3060:srad:persistent:blocks_per_sm": -0.5316376388501747,
          "3060:srad:sync:waves": 1.451827903870228,
          "3060:srad:sync:waves_over_cov": 1.4518279038702275,
          "3060:srad:sync:work": -1.3287388674278895,
          "3060:srad:sync:inv_b": -0.0024330049892232536,